,Company_Name,Trust_Score,No_of_Reviews
1,SuperRevel,TrustScore 3.2,1 reviews
2,BESPOKE DAILY,TrustScore 3.2,1 reviews
3,WINGS,TrustScore 3.1,9 reviews
4,Outworq,TrustScore 3.1,6 reviews
5,Aaashirt,TrustScore 3.0,60 reviews
6,Zartoni,TrustScore 2.9,103 reviews
7,JERSEY LOCO,TrustScore 2.9,62 reviews
8,BAOBAB Clothing,TrustScore 2.9,8 reviews
9,Birddogs,TrustScore 2.9,8 reviews
10,Ten Thousand,TrustScore 2.8,72 reviews
11,Gwen's,TrustScore 2.8,6 reviews
12,Leathersclub,TrustScore 2.6,7 reviews
13,WorldSoccerShop,TrustScore 2.5,1245 reviews
14,"Klein, Epstein & Parker",TrustScore 2.5,37 reviews
15,Giga,TrustScore 2.5,17 reviews
16,Quinn,TrustScore 2.5,12 reviews
17,Historical Emporium,TrustScore 2.5,10 reviews
18,BeltOutlet.com,TrustScore 2.5,5 reviews
19,Matchutailor,TrustScore 2.4,44 reviews
20,Public Rec,TrustScore 2.3,212 reviews
